1-Wire/iButton Part Number: DS1921Z-F5,,
1-Wire/iButton Registration Number: AE3B200001A1D921,,
Is Mission Active?  true,,
Mission Start:  Mon Jun 01 07:55:00 EDT 2015,,
Sample Rate:  Every 120 minute(s),,
Number of Mission Samples:  10790,,
Total Samples:  33479,,
Roll Over Enabled?  false,,
Roll Over Occurred?  Roll over has occurred,,
Active Alarms:  High Temp,,
Next Clock Alarm At:  Disabled,,
High Temperature Alarm:  26.375 °C,,
Low Temperature Alarm:  -5.5 °C,,
,,
Date/Time,Unit,Value
6/1/2015 7:55,C,11.25
6/1/2015 9:55,C,11.875
6/1/2015 11:55,C,23.625
6/1/2015 13:55,C,10.375
6/1/2015 15:55,C,10.5
6/1/2015 17:55,C,10.75
6/1/2015 19:55,C,10.875
6/1/2015 21:55,C,10.875
6/1/2015 23:55,C,10.625
6/2/2015 1:55,C,10.375
6/2/2015 3:55,C,10
6/2/2015 5:55,C,9.75
6/2/2015 7:55,C,9.625
6/2/2015 9:55,C,9.625
6/2/2015 11:55,C,9.875
6/2/2015 13:55,C,10.125
6/2/2015 15:55,C,10.875
6/2/2015 17:55,C,11.25
6/2/2015 19:55,C,11.625
6/2/2015 21:55,C,11.625
6/2/2015 23:55,C,11.5
6/3/2015 1:55,C,11.25
6/3/2015 3:55,C,11
6/3/2015 5:55,C,10.875
6/3/2015 7:55,C,10.75
6/3/2015 9:55,C,10.75
6/3/2015 11:55,C,10.75
6/3/2015 13:55,C,11.125
6/3/2015 15:55,C,11.5
6/3/2015 17:55,C,11.75
6/3/2015 19:55,C,12.125
6/3/2015 21:55,C,12.125
6/3/2015 23:55,C,12.25
6/4/2015 1:55,C,12.25
6/4/2015 3:55,C,12.375
6/4/2015 5:55,C,12.375
6/4/2015 7:55,C,12.5
6/4/2015 9:55,C,12.5
6/4/2015 11:55,C,12.5
6/4/2015 13:55,C,12.75
6/4/2015 15:55,C,14
6/4/2015 17:55,C,14.5
6/4/2015 19:55,C,14.5
6/4/2015 21:55,C,14.125
6/4/2015 23:55,C,13.5
6/5/2015 1:55,C,13
6/5/2015 3:55,C,12.625
6/5/2015 5:55,C,12.25
6/5/2015 7:55,C,12
6/5/2015 9:55,C,11.875
6/5/2015 11:55,C,12
6/5/2015 13:55,C,12.375
6/5/2015 15:55,C,13.75
6/5/2015 17:55,C,14.25
6/5/2015 19:55,C,14.25
6/5/2015 21:55,C,13.75
6/5/2015 23:55,C,13
6/6/2015 1:55,C,12.375
6/6/2015 3:55,C,11.75
6/6/2015 5:55,C,11.25
6/6/2015 7:55,C,10.875
6/6/2015 9:55,C,10.875
6/6/2015 11:55,C,11
6/6/2015 13:55,C,11.375
6/6/2015 15:55,C,12.25
6/6/2015 17:55,C,12.625
6/6/2015 19:55,C,13
6/6/2015 21:55,C,13
6/6/2015 23:55,C,13
6/7/2015 1:55,C,12.75
6/7/2015 3:55,C,12.625
6/7/2015 5:55,C,12.5
6/7/2015 7:55,C,12.5
6/7/2015 9:55,C,12.375
6/7/2015 11:55,C,12.5
6/7/2015 13:55,C,12.625
6/7/2015 15:55,C,12.75
6/7/2015 17:55,C,12.75
6/7/2015 19:55,C,13
6/7/2015 21:55,C,13
6/7/2015 23:55,C,13
6/8/2015 1:55,C,12.75
6/8/2015 3:55,C,12.625
6/8/2015 5:55,C,12.5
6/8/2015 7:55,C,12.375
6/8/2015 9:55,C,12.25
6/8/2015 11:55,C,12.375
6/8/2015 13:55,C,12.625
6/8/2015 15:55,C,12.875
6/8/2015 17:55,C,13.25
6/8/2015 19:55,C,13.625
6/8/2015 21:55,C,13.625
6/8/2015 23:55,C,13.5
6/9/2015 1:55,C,13.125
6/9/2015 3:55,C,12.875
6/9/2015 5:55,C,12.625
6/9/2015 7:55,C,12.375
6/9/2015 9:55,C,12.25
6/9/2015 11:55,C,12.5
6/9/2015 13:55,C,12.875
6/9/2015 15:55,C,13.375
6/9/2015 17:55,C,13.625
6/9/2015 19:55,C,14
6/9/2015 21:55,C,14.25
6/9/2015 23:55,C,14
6/10/2015 1:55,C,14
6/10/2015 3:55,C,13.875
6/10/2015 5:55,C,13.625
6/10/2015 7:55,C,13.375
6/10/2015 9:55,C,13.125
6/10/2015 11:55,C,13.125
6/10/2015 13:55,C,13.25
6/10/2015 15:55,C,13.375
6/10/2015 17:55,C,13.75
6/10/2015 19:55,C,14
6/10/2015 21:55,C,13.875
6/10/2015 23:55,C,13.5
6/11/2015 1:55,C,13.125
6/11/2015 3:55,C,12.875
6/11/2015 5:55,C,12.625
6/11/2015 7:55,C,12.375
6/11/2015 9:55,C,12.375
6/11/2015 11:55,C,12.5
6/11/2015 13:55,C,12.625
6/11/2015 15:55,C,12.875
6/11/2015 17:55,C,13.125
6/11/2015 19:55,C,13.25
6/11/2015 21:55,C,13.25
6/11/2015 23:55,C,13.125
6/12/2015 1:55,C,12.875
6/12/2015 3:55,C,12.625
6/12/2015 5:55,C,12.375
6/12/2015 7:55,C,12.25
6/12/2015 9:55,C,12.25
6/12/2015 11:55,C,12.375
6/12/2015 13:55,C,12.875
6/12/2015 15:55,C,13.75
6/12/2015 17:55,C,14
6/12/2015 19:55,C,14.125
6/12/2015 21:55,C,14
6/12/2015 23:55,C,13.75
6/13/2015 1:55,C,13.5
6/13/2015 3:55,C,13.25
6/13/2015 5:55,C,13
6/13/2015 7:55,C,12.75
6/13/2015 9:55,C,12.75
6/13/2015 11:55,C,12.875
6/13/2015 13:55,C,13.125
6/13/2015 15:55,C,13.375
6/13/2015 17:55,C,13.5
6/13/2015 19:55,C,13.375
6/13/2015 21:55,C,13.25
6/13/2015 23:55,C,13.125
6/14/2015 1:55,C,13
6/14/2015 3:55,C,12.875
6/14/2015 5:55,C,12.75
6/14/2015 7:55,C,12.75
6/14/2015 9:55,C,12.75
6/14/2015 11:55,C,12.75
6/14/2015 13:55,C,12.875
6/14/2015 15:55,C,13
6/14/2015 17:55,C,13.125
6/14/2015 19:55,C,13.5
6/14/2015 21:55,C,13.5
6/14/2015 23:55,C,13.5
6/15/2015 1:55,C,13.25
6/15/2015 3:55,C,13.125
6/15/2015 5:55,C,13
6/15/2015 7:55,C,12.875
6/15/2015 9:55,C,12.875
6/15/2015 11:55,C,12.875
6/15/2015 13:55,C,13
6/15/2015 15:55,C,13.625
6/15/2015 17:55,C,14
6/15/2015 19:55,C,14.125
6/15/2015 21:55,C,14.125
6/15/2015 23:55,C,13.875
6/16/2015 1:55,C,13.5
6/16/2015 3:55,C,13.125
6/16/2015 5:55,C,12.75
6/16/2015 7:55,C,12.375
6/16/2015 9:55,C,12.375
6/16/2015 11:55,C,12.5
6/16/2015 13:55,C,12.875
6/16/2015 15:55,C,13.625
6/16/2015 17:55,C,13.625
6/16/2015 19:55,C,13.625
6/16/2015 21:55,C,13.375
6/16/2015 23:55,C,13.125
6/17/2015 1:55,C,12.875
6/17/2015 3:55,C,12.625
6/17/2015 5:55,C,12.375
6/17/2015 7:55,C,12.25
6/17/2015 9:55,C,12.125
6/17/2015 11:55,C,12.125
6/17/2015 13:55,C,12.25
6/17/2015 15:55,C,12.25
6/17/2015 17:55,C,12.375
6/17/2015 19:55,C,12.375
6/17/2015 21:55,C,12.5
6/17/2015 23:55,C,12.375
6/18/2015 1:55,C,12.625
6/18/2015 3:55,C,12.75
6/18/2015 5:55,C,12.75
6/18/2015 7:55,C,12.75
6/18/2015 9:55,C,12.625
6/18/2015 11:55,C,12.75
6/18/2015 13:55,C,12.875
6/18/2015 15:55,C,13.25
6/18/2015 17:55,C,13.5
6/18/2015 19:55,C,13.5
6/18/2015 21:55,C,13.25
6/18/2015 23:55,C,12.75
6/19/2015 1:55,C,12.375
6/19/2015 3:55,C,12
6/19/2015 5:55,C,11.75
6/19/2015 7:55,C,11.5
6/19/2015 9:55,C,11.375
6/19/2015 11:55,C,11.625
6/19/2015 13:55,C,12
6/19/2015 15:55,C,12.875
6/19/2015 17:55,C,13.125
6/19/2015 19:55,C,13.375
6/19/2015 21:55,C,13.375
6/19/2015 23:55,C,13.25
6/20/2015 1:55,C,13.125
6/20/2015 3:55,C,13
6/20/2015 5:55,C,12.875
6/20/2015 7:55,C,12.75
6/20/2015 9:55,C,12.625
6/20/2015 11:55,C,12.625
6/20/2015 13:55,C,12.75
6/20/2015 15:55,C,13
6/20/2015 17:55,C,13.25
6/20/2015 19:55,C,13.375
6/20/2015 21:55,C,13.5
6/20/2015 23:55,C,13.375
6/21/2015 1:55,C,13.375
6/21/2015 3:55,C,13.25
6/21/2015 5:55,C,13.125
6/21/2015 7:55,C,13
6/21/2015 9:55,C,12.875
6/21/2015 11:55,C,12.875
6/21/2015 13:55,C,13
6/21/2015 15:55,C,13.625
6/21/2015 17:55,C,14
6/21/2015 19:55,C,14.25
6/21/2015 21:55,C,14.25
6/21/2015 23:55,C,14.125
6/22/2015 1:55,C,13.875
6/22/2015 3:55,C,13.75
6/22/2015 5:55,C,13.5
6/22/2015 7:55,C,13.375
6/22/2015 9:55,C,13.375
6/22/2015 11:55,C,13.375
6/22/2015 13:55,C,13.5
6/22/2015 15:55,C,13.625
6/22/2015 17:55,C,13.875
6/22/2015 19:55,C,14
6/22/2015 21:55,C,14.25
6/22/2015 23:55,C,14
6/23/2015 1:55,C,13.75
6/23/2015 3:55,C,13.5
6/23/2015 5:55,C,13.375
6/23/2015 7:55,C,13.125
6/23/2015 9:55,C,13.125
6/23/2015 11:55,C,13.125
6/23/2015 13:55,C,13.375
6/23/2015 15:55,C,14.25
6/23/2015 17:55,C,14.5
6/23/2015 19:55,C,14.625
6/23/2015 21:55,C,14.375
6/23/2015 23:55,C,14.125
6/24/2015 1:55,C,14
6/24/2015 3:55,C,13.75
6/24/2015 5:55,C,13.625
6/24/2015 7:55,C,13.375
6/24/2015 9:55,C,13.375
6/24/2015 11:55,C,13.375
6/24/2015 13:55,C,13.875
6/24/2015 15:55,C,14.375
6/24/2015 17:55,C,14.5
6/24/2015 19:55,C,14.625
6/24/2015 21:55,C,14.5
6/24/2015 23:55,C,14.25
6/25/2015 1:55,C,14.125
6/25/2015 3:55,C,14
6/25/2015 5:55,C,13.75
6/25/2015 7:55,C,13.625
6/25/2015 9:55,C,13.625
6/25/2015 11:55,C,13.5
6/25/2015 13:55,C,13.625
6/25/2015 15:55,C,14
6/25/2015 17:55,C,14.25
6/25/2015 19:55,C,14.375
6/25/2015 21:55,C,14.25
6/25/2015 23:55,C,14
6/26/2015 1:55,C,13.75
6/26/2015 3:55,C,13.625
6/26/2015 5:55,C,13.375
6/26/2015 7:55,C,13.25
6/26/2015 9:55,C,13.25
6/26/2015 11:55,C,13.375
6/26/2015 13:55,C,13.75
6/26/2015 15:55,C,14.375
6/26/2015 17:55,C,14.625
6/26/2015 19:55,C,14.625
6/26/2015 21:55,C,14.5
6/26/2015 23:55,C,14.25
6/27/2015 1:55,C,14.125
6/27/2015 3:55,C,13.875
6/27/2015 5:55,C,13.75
6/27/2015 7:55,C,13.625
6/27/2015 9:55,C,13.625
6/27/2015 11:55,C,13.75
6/27/2015 13:55,C,14.375
6/27/2015 15:55,C,15.125
6/27/2015 17:55,C,15.375
6/27/2015 19:55,C,15.375
6/27/2015 21:55,C,15.25
6/27/2015 23:55,C,15
6/28/2015 1:55,C,14.75
6/28/2015 3:55,C,14.625
6/28/2015 5:55,C,14.375
6/28/2015 7:55,C,14.25
6/28/2015 9:55,C,14.25
6/28/2015 11:55,C,14.375
6/28/2015 13:55,C,14.5
6/28/2015 15:55,C,14.75
6/28/2015 17:55,C,16.375
6/28/2015 19:55,C,15.375
6/28/2015 21:55,C,15
6/28/2015 23:55,C,14.75
6/29/2015 1:55,C,14.5
6/29/2015 3:55,C,14.375
6/29/2015 5:55,C,14.25
6/29/2015 7:55,C,14.125
6/29/2015 9:55,C,14.125
6/29/2015 11:55,C,14.25
6/29/2015 13:55,C,14.5
6/29/2015 15:55,C,16
6/29/2015 17:55,C,16
6/29/2015 19:55,C,16
6/29/2015 21:55,C,15.875
6/29/2015 23:55,C,15.625
6/30/2015 1:55,C,15.375
6/30/2015 3:55,C,15
6/30/2015 5:55,C,14.5
6/30/2015 7:55,C,14.125
6/30/2015 9:55,C,13.875
6/30/2015 11:55,C,13.75
6/30/2015 13:55,C,13.875
6/30/2015 15:55,C,14
6/30/2015 17:55,C,14.125
6/30/2015 19:55,C,14
6/30/2015 21:55,C,13.625
6/30/2015 23:55,C,13.125
7/1/2015 1:55,C,12.75
7/1/2015 3:55,C,12.375
7/1/2015 5:55,C,12.125
7/1/2015 7:55,C,12
7/1/2015 9:55,C,12.125
7/1/2015 11:55,C,12.375
7/1/2015 13:55,C,12.75
7/1/2015 15:55,C,13.25
7/1/2015 17:55,C,13.375
7/1/2015 19:55,C,13.5
7/1/2015 21:55,C,13.375
7/1/2015 23:55,C,13.125
7/2/2015 1:55,C,12.875
7/2/2015 3:55,C,12.75
7/2/2015 5:55,C,12.625
7/2/2015 7:55,C,12.5
7/2/2015 9:55,C,12.5
7/2/2015 11:55,C,12.5
7/2/2015 13:55,C,12.625
7/2/2015 15:55,C,13.125
7/2/2015 17:55,C,13.5
7/2/2015 19:55,C,13.75
7/2/2015 21:55,C,13.875
7/2/2015 23:55,C,13.75
7/3/2015 1:55,C,13.625
7/3/2015 3:55,C,13.5
7/3/2015 5:55,C,13.375
7/3/2015 7:55,C,13.25
7/3/2015 9:55,C,13.25
7/3/2015 11:55,C,13.25
7/3/2015 13:55,C,13.375
7/3/2015 15:55,C,13.75
7/3/2015 17:55,C,14
7/3/2015 19:55,C,14.25
7/3/2015 21:55,C,14.375
7/3/2015 23:55,C,14.25
7/4/2015 1:55,C,14.125
7/4/2015 3:55,C,14
7/4/2015 5:55,C,13.875
7/4/2015 7:55,C,13.75
7/4/2015 9:55,C,13.75
7/4/2015 11:55,C,13.75
7/4/2015 13:55,C,14.125
7/4/2015 15:55,C,14.625
7/4/2015 17:55,C,15
7/4/2015 19:55,C,15.125
7/4/2015 21:55,C,15.125
7/4/2015 23:55,C,14.875
7/5/2015 1:55,C,14.75
7/5/2015 3:55,C,14.5
7/5/2015 5:55,C,14.5
7/5/2015 7:55,C,14.375
7/5/2015 9:55,C,14.375
7/5/2015 11:55,C,14.5
7/5/2015 13:55,C,14.75
7/5/2015 15:55,C,15.25
7/5/2015 17:55,C,15.375
7/5/2015 19:55,C,15.5
7/5/2015 21:55,C,15.5
7/5/2015 23:55,C,15.375
7/6/2015 1:55,C,15.375
7/6/2015 3:55,C,16.5
7/6/2015 5:55,C,15.5
7/6/2015 7:55,C,15.375
7/6/2015 9:55,C,15.5
7/6/2015 11:55,C,15.625
7/6/2015 13:55,C,16.125
7/6/2015 15:55,C,16.125
7/6/2015 17:55,C,16
7/6/2015 19:55,C,15.75
7/6/2015 21:55,C,15.5
7/6/2015 23:55,C,15.25
7/7/2015 1:55,C,15
7/7/2015 3:55,C,14.375
7/7/2015 5:55,C,14
7/7/2015 7:55,C,13.75
7/7/2015 9:55,C,13.75
7/7/2015 11:55,C,14
7/7/2015 13:55,C,14.375
7/7/2015 15:55,C,15.125
7/7/2015 17:55,C,15.125
7/7/2015 19:55,C,15.125
7/7/2015 21:55,C,14.875
7/7/2015 23:55,C,14.375
7/8/2015 1:55,C,14
7/8/2015 3:55,C,13.625
7/8/2015 5:55,C,13.5
7/8/2015 7:55,C,13.375
7/8/2015 9:55,C,13.375
7/8/2015 11:55,C,13.5
7/8/2015 13:55,C,13.625
7/8/2015 15:55,C,14.25
7/8/2015 17:55,C,14.625
7/8/2015 19:55,C,14.75
7/8/2015 21:55,C,14.75
7/8/2015 23:55,C,14.625
7/9/2015 1:55,C,14.375
7/9/2015 3:55,C,14.125
7/9/2015 5:55,C,13.875
7/9/2015 7:55,C,13.75
7/9/2015 9:55,C,13.625
7/9/2015 11:55,C,13.75
7/9/2015 13:55,C,13.875
7/9/2015 15:55,C,14.25
7/9/2015 17:55,C,14.5
7/9/2015 19:55,C,14.75
7/9/2015 21:55,C,14.75
7/9/2015 23:55,C,14.625
7/10/2015 1:55,C,14.5
7/10/2015 3:55,C,14.375
7/10/2015 5:55,C,14.25
7/10/2015 7:55,C,14.125
7/10/2015 9:55,C,14.125
7/10/2015 11:55,C,14.125
7/10/2015 13:55,C,14.375
7/10/2015 15:55,C,15
7/10/2015 17:55,C,15.375
7/10/2015 19:55,C,15.5
7/10/2015 21:55,C,15.5
7/10/2015 23:55,C,15.375
7/11/2015 1:55,C,15.25
7/11/2015 3:55,C,15.125
7/11/2015 5:55,C,15.125
7/11/2015 7:55,C,15
7/11/2015 9:55,C,15
7/11/2015 11:55,C,15.125
7/11/2015 13:55,C,15.25
7/11/2015 15:55,C,15.875
7/11/2015 17:55,C,16.125
7/11/2015 19:55,C,16.25
7/11/2015 21:55,C,16.25
7/11/2015 23:55,C,16.125
7/12/2015 1:55,C,16.125
7/12/2015 3:55,C,16
7/12/2015 5:55,C,15.875
7/12/2015 7:55,C,15.875
7/12/2015 9:55,C,15.875
7/12/2015 11:55,C,15.875
7/12/2015 13:55,C,16.25
7/12/2015 15:55,C,16.75
7/12/2015 17:55,C,16.875
7/12/2015 19:55,C,17
7/12/2015 21:55,C,17
7/12/2015 23:55,C,16.875
7/13/2015 1:55,C,16.75
7/13/2015 3:55,C,16.75
7/13/2015 5:55,C,16.75
7/13/2015 7:55,C,16.625
7/13/2015 9:55,C,16.375
7/13/2015 11:55,C,16.375
7/13/2015 13:55,C,16.5
7/13/2015 15:55,C,16.75
7/13/2015 17:55,C,16.875
7/13/2015 19:55,C,17.625
7/13/2015 21:55,C,16.875
7/13/2015 23:55,C,16.625
7/14/2015 1:55,C,16.5
7/14/2015 3:55,C,16.375
7/14/2015 5:55,C,16.25
7/14/2015 7:55,C,16.125
7/14/2015 9:55,C,16
7/14/2015 11:55,C,15.875
7/14/2015 13:55,C,16
7/14/2015 15:55,C,16.375
7/14/2015 17:55,C,16.25
7/14/2015 19:55,C,16.125
7/14/2015 21:55,C,15.875
7/14/2015 23:55,C,15.625
7/15/2015 1:55,C,15.25
7/15/2015 3:55,C,15
7/15/2015 5:55,C,14.875
7/15/2015 7:55,C,14.625
7/15/2015 9:55,C,14.5
7/15/2015 11:55,C,14.5
7/15/2015 13:55,C,14.875
7/15/2015 15:55,C,15.375
7/15/2015 17:55,C,15.5
7/15/2015 19:55,C,15.625
7/15/2015 21:55,C,15.625
7/15/2015 23:55,C,15.375
7/16/2015 1:55,C,15.25
7/16/2015 3:55,C,15.125
7/16/2015 5:55,C,15
7/16/2015 7:55,C,14.875
7/16/2015 9:55,C,14.875
7/16/2015 11:55,C,15.375
7/16/2015 13:55,C,16.5
7/16/2015 15:55,C,17.375
7/16/2015 17:55,C,17.25
7/16/2015 19:55,C,17
7/16/2015 21:55,C,16.75
7/16/2015 23:55,C,16.5
7/17/2015 1:55,C,16.125
7/17/2015 3:55,C,15.875
7/17/2015 5:55,C,15.75
7/17/2015 7:55,C,15.625
7/17/2015 9:55,C,15.625
7/17/2015 11:55,C,15.875
7/17/2015 13:55,C,16.375
7/17/2015 15:55,C,17.125
7/17/2015 17:55,C,17.375
7/17/2015 19:55,C,17.5
7/17/2015 21:55,C,17.125
7/17/2015 23:55,C,16.875
7/18/2015 1:55,C,16.625
7/18/2015 3:55,C,16.375
7/18/2015 5:55,C,16.125
7/18/2015 7:55,C,16.125
7/18/2015 9:55,C,16.125
7/18/2015 11:55,C,16.875
7/18/2015 13:55,C,18.75
7/18/2015 15:55,C,19.375
7/18/2015 17:55,C,19.375
7/18/2015 19:55,C,19
7/18/2015 21:55,C,18.5
7/18/2015 23:55,C,18
7/19/2015 1:55,C,17.375
7/19/2015 3:55,C,16.75
7/19/2015 5:55,C,16.25
7/19/2015 7:55,C,15.875
7/19/2015 9:55,C,15.875
7/19/2015 11:55,C,16.875
7/19/2015 13:55,C,19.125
7/19/2015 15:55,C,19.25
7/19/2015 17:55,C,18.625
7/19/2015 19:55,C,18.25
7/19/2015 21:55,C,17.75
7/19/2015 23:55,C,17.25
7/20/2015 1:55,C,16.75
7/20/2015 3:55,C,16.5
7/20/2015 5:55,C,16.25
7/20/2015 7:55,C,16
7/20/2015 9:55,C,16.25
7/20/2015 11:55,C,17.5
7/20/2015 13:55,C,18.75
7/20/2015 15:55,C,18.5
7/20/2015 17:55,C,18.25
7/20/2015 19:55,C,17.5
7/20/2015 21:55,C,16.75
7/20/2015 23:55,C,16
7/21/2015 1:55,C,15.625
7/21/2015 3:55,C,15.25
7/21/2015 5:55,C,14.875
7/21/2015 7:55,C,14.625
7/21/2015 9:55,C,14.75
7/21/2015 11:55,C,15.875
7/21/2015 13:55,C,18
7/21/2015 15:55,C,17.875
7/21/2015 17:55,C,17.5
7/21/2015 19:55,C,16.875
7/21/2015 21:55,C,16.25
7/21/2015 23:55,C,15.625
7/22/2015 1:55,C,15.25
7/22/2015 3:55,C,14.875
7/22/2015 5:55,C,14.5
7/22/2015 7:55,C,14.25
7/22/2015 9:55,C,14.5
7/22/2015 11:55,C,15.625
7/22/2015 13:55,C,18.75
7/22/2015 15:55,C,18.875
7/22/2015 17:55,C,18.375
7/22/2015 19:55,C,17.75
7/22/2015 21:55,C,17.125
7/22/2015 23:55,C,16.375
7/23/2015 1:55,C,16.125
7/23/2015 3:55,C,15.75
7/23/2015 5:55,C,15.5
7/23/2015 7:55,C,15.375
7/23/2015 9:55,C,15.75
7/23/2015 11:55,C,17.5
7/23/2015 13:55,C,21.5
7/23/2015 15:55,C,20.625
7/23/2015 17:55,C,20.125
7/23/2015 19:55,C,19.625
7/23/2015 21:55,C,18.875
7/23/2015 23:55,C,18.125
7/24/2015 1:55,C,17.625
7/24/2015 3:55,C,17.125
7/24/2015 5:55,C,16.625
7/24/2015 7:55,C,16.5
7/24/2015 9:55,C,16.875
7/24/2015 11:55,C,17.625
7/24/2015 13:55,C,18.125
7/24/2015 15:55,C,19.5
7/24/2015 17:55,C,19.5
7/24/2015 19:55,C,19.125
7/24/2015 21:55,C,19
7/24/2015 23:55,C,18.5
7/25/2015 1:55,C,18.125
7/25/2015 3:55,C,17.75
7/25/2015 5:55,C,17.125
7/25/2015 7:55,C,16.75
7/25/2015 9:55,C,16.875
7/25/2015 11:55,C,18.25
7/25/2015 13:55,C,22.375
7/25/2015 15:55,C,21.5
7/25/2015 17:55,C,20.5
7/25/2015 19:55,C,19.75
7/25/2015 21:55,C,18.875
7/25/2015 23:55,C,18.25
7/26/2015 1:55,C,17.75
7/26/2015 3:55,C,17.375
7/26/2015 5:55,C,17.125
7/26/2015 7:55,C,17
7/26/2015 9:55,C,17.5
7/26/2015 11:55,C,19.25
7/26/2015 13:55,C,23.625
7/26/2015 15:55,C,22.25
7/26/2015 17:55,C,21.625
7/26/2015 19:55,C,20.875
7/26/2015 21:55,C,20.125
7/26/2015 23:55,C,19.375
7/27/2015 1:55,C,18.75
7/27/2015 3:55,C,18.25
7/27/2015 5:55,C,17.75
7/27/2015 7:55,C,17.5
7/27/2015 9:55,C,17.875
7/27/2015 11:55,C,19.625
7/27/2015 13:55,C,24.625
7/27/2015 15:55,C,22.5
7/27/2015 17:55,C,21.875
7/27/2015 19:55,C,21
7/27/2015 21:55,C,20.125
7/27/2015 23:55,C,19.375
7/28/2015 1:55,C,18.75
7/28/2015 3:55,C,18.25
7/28/2015 5:55,C,17.75
7/28/2015 7:55,C,17.5
7/28/2015 9:55,C,18.125
7/28/2015 11:55,C,18.5
7/28/2015 13:55,C,19.375
7/28/2015 15:55,C,19.875
7/28/2015 17:55,C,20.5
7/28/2015 19:55,C,20
7/28/2015 21:55,C,19.5
7/28/2015 23:55,C,19.25
7/29/2015 1:55,C,19
7/29/2015 3:55,C,18.75
7/29/2015 5:55,C,17.875
7/29/2015 7:55,C,17
7/29/2015 9:55,C,17
7/29/2015 11:55,C,18.25
7/29/2015 13:55,C,19.5
7/29/2015 15:55,C,19.375
7/29/2015 17:55,C,18.625
7/29/2015 19:55,C,18.125
7/29/2015 21:55,C,17.625
7/29/2015 23:55,C,17
7/30/2015 1:55,C,16.5
7/30/2015 3:55,C,16
7/30/2015 5:55,C,15.625
7/30/2015 7:55,C,15.375
7/30/2015 9:55,C,16
7/30/2015 11:55,C,17.75
7/30/2015 13:55,C,23.125
7/30/2015 15:55,C,20.75
7/30/2015 17:55,C,19.625
7/30/2015 19:55,C,18.625
7/30/2015 21:55,C,18
7/30/2015 23:55,C,17.125
7/31/2015 1:55,C,16.5
7/31/2015 3:55,C,16
7/31/2015 5:55,C,15.5
7/31/2015 7:55,C,15.125
7/31/2015 9:55,C,15.75
7/31/2015 11:55,C,17.5
7/31/2015 13:55,C,21.25
7/31/2015 15:55,C,19.5
7/31/2015 17:55,C,18.875
7/31/2015 19:55,C,17.75
7/31/2015 21:55,C,16.875
7/31/2015 23:55,C,16
8/1/2015 1:55,C,15.5
8/1/2015 3:55,C,15
8/1/2015 5:55,C,14.5
8/1/2015 7:55,C,14
8/1/2015 9:55,C,14.625
8/1/2015 11:55,C,16.875
8/1/2015 13:55,C,21.25
8/1/2015 15:55,C,19.75
8/1/2015 17:55,C,19.25
8/1/2015 19:55,C,18.25
8/1/2015 21:55,C,17.375
8/1/2015 23:55,C,16.625
8/2/2015 1:55,C,16.125
8/2/2015 3:55,C,15.75
8/2/2015 5:55,C,15.75
8/2/2015 7:55,C,15.625
8/2/2015 9:55,C,16
8/2/2015 11:55,C,17.25
8/2/2015 13:55,C,18.125
8/2/2015 15:55,C,18.875
8/2/2015 17:55,C,18.875
8/2/2015 19:55,C,18.125
8/2/2015 21:55,C,17
8/2/2015 23:55,C,16
8/3/2015 1:55,C,15.125
8/3/2015 3:55,C,14.75
8/3/2015 5:55,C,14.375
8/3/2015 7:55,C,13.875
8/3/2015 9:55,C,14.5
8/3/2015 11:55,C,15.375
8/3/2015 13:55,C,16.375
8/3/2015 15:55,C,16.875
8/3/2015 17:55,C,17
8/3/2015 19:55,C,16.5
8/3/2015 21:55,C,15.625
8/3/2015 23:55,C,14.875
8/4/2015 1:55,C,14.5
8/4/2015 3:55,C,14.375
8/4/2015 5:55,C,14.125
8/4/2015 7:55,C,14.125
8/4/2015 9:55,C,14.375
8/4/2015 11:55,C,15.375
8/4/2015 13:55,C,16.875
8/4/2015 15:55,C,17.75
8/4/2015 17:55,C,17.5
8/4/2015 19:55,C,16.125
8/4/2015 21:55,C,15
8/4/2015 23:55,C,13.875
8/5/2015 1:55,C,13.125
8/5/2015 3:55,C,12.5
8/5/2015 5:55,C,12.125
8/5/2015 7:55,C,11.875
8/5/2015 9:55,C,12.875
8/5/2015 11:55,C,14.25
8/5/2015 13:55,C,17.5
8/5/2015 15:55,C,17.625
8/5/2015 17:55,C,17.375
8/5/2015 19:55,C,16.25
8/5/2015 21:55,C,15.25
8/5/2015 23:55,C,14.375
8/6/2015 1:55,C,14.125
8/6/2015 3:55,C,13.75
8/6/2015 5:55,C,13.25
8/6/2015 7:55,C,13.25
8/6/2015 9:55,C,14.125
8/6/2015 11:55,C,16
8/6/2015 13:55,C,19.875
8/6/2015 15:55,C,19.25
8/6/2015 17:55,C,19.25
8/6/2015 19:55,C,18.375
8/6/2015 21:55,C,17.625
8/6/2015 23:55,C,17
8/7/2015 1:55,C,16.375
8/7/2015 3:55,C,15.75
8/7/2015 5:55,C,15.375
8/7/2015 7:55,C,15
8/7/2015 9:55,C,14.625
8/7/2015 11:55,C,15
8/7/2015 13:55,C,15.625
8/7/2015 15:55,C,16.25
8/7/2015 17:55,C,16.5
8/7/2015 19:55,C,16.625
8/7/2015 21:55,C,16.125
8/7/2015 23:55,C,15.875
8/8/2015 1:55,C,15.375
8/8/2015 3:55,C,15.125
8/8/2015 5:55,C,14.75
8/8/2015 7:55,C,14.5
8/8/2015 9:55,C,15.375
8/8/2015 11:55,C,16.25
8/8/2015 13:55,C,18.625
8/8/2015 15:55,C,19
8/8/2015 17:55,C,19.25
8/8/2015 19:55,C,18.375
8/8/2015 21:55,C,17.375
8/8/2015 23:55,C,16.75
8/9/2015 1:55,C,16.375
8/9/2015 3:55,C,16.125
8/9/2015 5:55,C,16
8/9/2015 7:55,C,16
8/9/2015 9:55,C,16.875
8/9/2015 11:55,C,17.875
8/9/2015 13:55,C,18.875
8/9/2015 15:55,C,19.875
8/9/2015 17:55,C,20
8/9/2015 19:55,C,19.25
8/9/2015 21:55,C,18.5
8/9/2015 23:55,C,17.875
8/10/2015 1:55,C,17.375
8/10/2015 3:55,C,16.75
8/10/2015 5:55,C,16.125
8/10/2015 7:55,C,15.75
8/10/2015 9:55,C,16
8/10/2015 11:55,C,17.875
8/10/2015 13:55,C,21.625
8/10/2015 15:55,C,20.25
8/10/2015 17:55,C,20.125
8/10/2015 19:55,C,19
8/10/2015 21:55,C,17.75
8/10/2015 23:55,C,16.625
8/11/2015 1:55,C,15.75
8/11/2015 3:55,C,15.125
8/11/2015 5:55,C,14.75
8/11/2015 7:55,C,14.375
8/11/2015 9:55,C,15
8/11/2015 11:55,C,16.875
8/11/2015 13:55,C,20.75
8/11/2015 15:55,C,18.875
8/11/2015 17:55,C,18.375
8/11/2015 19:55,C,17.125
8/11/2015 21:55,C,16
8/11/2015 23:55,C,15.125
8/12/2015 1:55,C,14.5
8/12/2015 3:55,C,14.25
8/12/2015 5:55,C,14
8/12/2015 7:55,C,13.875
8/12/2015 9:55,C,14.5
8/12/2015 11:55,C,16.875
8/12/2015 13:55,C,21.375
8/12/2015 15:55,C,20.625
8/12/2015 17:55,C,20.625
8/12/2015 19:55,C,19.75
8/12/2015 21:55,C,18.75
8/12/2015 23:55,C,17.875
8/13/2015 1:55,C,17.375
8/13/2015 3:55,C,17
8/13/2015 5:55,C,17
8/13/2015 7:55,C,16.875
8/13/2015 9:55,C,17.5
8/13/2015 11:55,C,19.375
8/13/2015 13:55,C,20.875
8/13/2015 15:55,C,21.75
8/13/2015 17:55,C,22
8/13/2015 19:55,C,21.125
8/13/2015 21:55,C,20.125
8/13/2015 23:55,C,19.375
8/14/2015 1:55,C,18.75
8/14/2015 3:55,C,18.375
8/14/2015 5:55,C,17.875
8/14/2015 7:55,C,17.75
8/14/2015 9:55,C,18.5
8/14/2015 11:55,C,20.5
8/14/2015 13:55,C,24.875
8/14/2015 15:55,C,22.875
8/14/2015 17:55,C,22.375
8/14/2015 19:55,C,21.25
8/14/2015 21:55,C,20
8/14/2015 23:55,C,19.125
8/15/2015 1:55,C,18.5
8/15/2015 3:55,C,18
8/15/2015 5:55,C,17.5
8/15/2015 7:55,C,17.25
8/15/2015 9:55,C,18
8/15/2015 11:55,C,20.375
8/15/2015 13:55,C,23.75
8/15/2015 15:55,C,23.25
8/15/2015 17:55,C,23.125
8/15/2015 19:55,C,22.375
8/15/2015 21:55,C,21.25
8/15/2015 23:55,C,20.375
8/16/2015 1:55,C,19.75
8/16/2015 3:55,C,19.25
8/16/2015 5:55,C,18.875
8/16/2015 7:55,C,18.625
8/16/2015 9:55,C,19.25
8/16/2015 11:55,C,21.25
8/16/2015 13:55,C,23.375
8/16/2015 15:55,C,23.25
8/16/2015 17:55,C,22.875
8/16/2015 19:55,C,22.25
8/16/2015 21:55,C,21.125
8/16/2015 23:55,C,19.875
8/17/2015 1:55,C,18.75
8/17/2015 3:55,C,18
8/17/2015 5:55,C,17.375
8/17/2015 7:55,C,17
8/17/2015 9:55,C,17
8/17/2015 11:55,C,17.625
8/17/2015 13:55,C,18.25
8/17/2015 15:55,C,18.875
8/17/2015 17:55,C,18.875
8/17/2015 19:55,C,18
8/17/2015 21:55,C,16.875
8/17/2015 23:55,C,16.125
8/18/2015 1:55,C,15.875
8/18/2015 3:55,C,15.625
8/18/2015 5:55,C,15.375
8/18/2015 7:55,C,14.875
8/18/2015 9:55,C,15.125
8/18/2015 11:55,C,17.125
8/18/2015 13:55,C,20
8/18/2015 15:55,C,19.25
8/18/2015 17:55,C,18.5
8/18/2015 19:55,C,17.25
8/18/2015 21:55,C,16
8/18/2015 23:55,C,14.875
8/19/2015 1:55,C,14.625
8/19/2015 3:55,C,14.75
8/19/2015 5:55,C,15
8/19/2015 7:55,C,15.125
8/19/2015 9:55,C,15.5
8/19/2015 11:55,C,17.375
8/19/2015 13:55,C,18.875
8/19/2015 15:55,C,18.125
8/19/2015 17:55,C,18
8/19/2015 19:55,C,16.75
8/19/2015 21:55,C,15.875
8/19/2015 23:55,C,15.25
8/20/2015 1:55,C,14.875
8/20/2015 3:55,C,14.375
8/20/2015 5:55,C,13.875
8/20/2015 7:55,C,13.375
8/20/2015 9:55,C,13.5
8/20/2015 11:55,C,13.5
8/20/2015 13:55,C,13.875
8/20/2015 15:55,C,14.125
8/20/2015 17:55,C,14.75
8/20/2015 19:55,C,14.125
8/20/2015 21:55,C,13.625
8/20/2015 23:55,C,13.125
8/21/2015 1:55,C,12.625
8/21/2015 3:55,C,12
8/21/2015 5:55,C,11.75
8/21/2015 7:55,C,11.625
8/21/2015 9:55,C,12.375
8/21/2015 11:55,C,15.375
8/21/2015 13:55,C,20.5
8/21/2015 15:55,C,19
8/21/2015 17:55,C,19
8/21/2015 19:55,C,17.875
8/21/2015 21:55,C,16.875
8/21/2015 23:55,C,16.125
8/22/2015 1:55,C,15.625
8/22/2015 3:55,C,15.375
8/22/2015 5:55,C,15.125
8/22/2015 7:55,C,14.875
8/22/2015 9:55,C,15.5
8/22/2015 11:55,C,17.5
8/22/2015 13:55,C,20.875
8/22/2015 15:55,C,19.625
8/22/2015 17:55,C,19.375
8/22/2015 19:55,C,18.125
8/22/2015 21:55,C,17
8/22/2015 23:55,C,16.5
8/23/2015 1:55,C,16.125
8/23/2015 3:55,C,16
8/23/2015 5:55,C,16
8/23/2015 7:55,C,15.75
8/23/2015 9:55,C,15.125
8/23/2015 11:55,C,15.5
8/23/2015 13:55,C,15.625
8/23/2015 15:55,C,15.5
8/23/2015 17:55,C,15.25
8/23/2015 19:55,C,14.375
8/23/2015 21:55,C,13.75
8/23/2015 23:55,C,13.375
8/24/2015 1:55,C,12.75
8/24/2015 3:55,C,12.375
8/24/2015 5:55,C,11.75
8/24/2015 7:55,C,11.375
8/24/2015 9:55,C,11.375
8/24/2015 11:55,C,11.75
8/24/2015 13:55,C,12
8/24/2015 15:55,C,12.125
8/24/2015 17:55,C,12.125
8/24/2015 19:55,C,11.875
8/24/2015 21:55,C,11.375
8/24/2015 23:55,C,11.125
8/25/2015 1:55,C,11
8/25/2015 3:55,C,11
8/25/2015 5:55,C,10.875
8/25/2015 7:55,C,10.875
8/25/2015 9:55,C,11
8/25/2015 11:55,C,11.625
8/25/2015 13:55,C,12.625
8/25/2015 15:55,C,12.875
8/25/2015 17:55,C,12.75
8/25/2015 19:55,C,12.75
8/25/2015 21:55,C,12.25
8/25/2015 23:55,C,12.125
8/26/2015 1:55,C,12
8/26/2015 3:55,C,11.625
8/26/2015 5:55,C,11.125
8/26/2015 7:55,C,11.125
8/26/2015 9:55,C,11.625
8/26/2015 11:55,C,13.5
8/26/2015 13:55,C,16.625
8/26/2015 15:55,C,15.5
8/26/2015 17:55,C,15.75
8/26/2015 19:55,C,14.25
8/26/2015 21:55,C,13
8/26/2015 23:55,C,12.125
8/27/2015 1:55,C,11.5
8/27/2015 3:55,C,11
8/27/2015 5:55,C,10.625
8/27/2015 7:55,C,10.5
8/27/2015 9:55,C,11.25
8/27/2015 11:55,C,13.375
8/27/2015 13:55,C,16.5
8/27/2015 15:55,C,16.375
8/27/2015 17:55,C,17
8/27/2015 19:55,C,16
8/27/2015 21:55,C,15.25
8/27/2015 23:55,C,14.625
8/28/2015 1:55,C,14.375
8/28/2015 3:55,C,13.875
8/28/2015 5:55,C,13.875
8/28/2015 7:55,C,13.875
8/28/2015 9:55,C,14.5
8/28/2015 11:55,C,16
8/28/2015 13:55,C,16.75
8/28/2015 15:55,C,17.75
8/28/2015 17:55,C,18.375
8/28/2015 19:55,C,17.75
8/28/2015 21:55,C,16.875
8/28/2015 23:55,C,16
8/29/2015 1:55,C,15.5
8/29/2015 3:55,C,15.125
8/29/2015 5:55,C,14.5
8/29/2015 7:55,C,14
8/29/2015 9:55,C,14.5
8/29/2015 11:55,C,16.25
8/29/2015 13:55,C,18.875
8/29/2015 15:55,C,19.25
8/29/2015 17:55,C,19.25
8/29/2015 19:55,C,18.25
8/29/2015 21:55,C,17.125
8/29/2015 23:55,C,16.375
8/30/2015 1:55,C,15.875
8/30/2015 3:55,C,15.5
8/30/2015 5:55,C,15.125
8/30/2015 7:55,C,14.75
8/30/2015 9:55,C,15.25
8/30/2015 11:55,C,17.25
8/30/2015 13:55,C,19.625
8/30/2015 15:55,C,20.125
8/30/2015 17:55,C,20
8/30/2015 19:55,C,19
8/30/2015 21:55,C,18
8/30/2015 23:55,C,17.25
8/31/2015 1:55,C,16.625
8/31/2015 3:55,C,16.25
8/31/2015 5:55,C,15.75
8/31/2015 7:55,C,15.375
8/31/2015 9:55,C,15.875
8/31/2015 11:55,C,18
8/31/2015 13:55,C,20.625
8/31/2015 15:55,C,20.875
8/31/2015 17:55,C,20.625
8/31/2015 19:55,C,19.5
8/31/2015 21:55,C,18.5
8/31/2015 23:55,C,18
9/1/2015 1:55,C,17.625
9/1/2015 3:55,C,17.5
9/1/2015 5:55,C,17.5
9/1/2015 7:55,C,17.25
9/1/2015 9:55,C,18.25
9/1/2015 11:55,C,20.125
9/1/2015 13:55,C,21.75
9/1/2015 15:55,C,22
9/1/2015 17:55,C,21.75
9/1/2015 19:55,C,21.125
9/1/2015 21:55,C,20.125
9/1/2015 23:55,C,19.375
9/2/2015 1:55,C,18.875
9/2/2015 3:55,C,18.5
9/2/2015 5:55,C,18.25
9/2/2015 7:55,C,18.125
9/2/2015 9:55,C,18.125
9/2/2015 11:55,C,18.25
9/2/2015 13:55,C,18.5
9/2/2015 15:55,C,18.75
9/2/2015 17:55,C,19
9/2/2015 19:55,C,18.625
9/2/2015 21:55,C,18
9/2/2015 23:55,C,17.125
9/3/2015 1:55,C,16.625
9/3/2015 3:55,C,16.125
9/3/2015 5:55,C,15.75
9/3/2015 7:55,C,15.75
9/3/2015 9:55,C,16
9/3/2015 11:55,C,17.875
9/3/2015 13:55,C,20.25
9/3/2015 15:55,C,19.75
9/3/2015 17:55,C,19.375
9/3/2015 19:55,C,18.375
9/3/2015 21:55,C,17.5
9/3/2015 23:55,C,16.875
9/4/2015 1:55,C,16.5
9/4/2015 3:55,C,16.125
9/4/2015 5:55,C,15.75
9/4/2015 7:55,C,15.375
9/4/2015 9:55,C,15.75
9/4/2015 11:55,C,18.25
9/4/2015 13:55,C,20.75
9/4/2015 15:55,C,20.375
9/4/2015 17:55,C,20.25
9/4/2015 19:55,C,19.375
9/4/2015 21:55,C,18.625
9/4/2015 23:55,C,17.875
9/5/2015 1:55,C,17.375
9/5/2015 3:55,C,17
9/5/2015 5:55,C,16.75
9/5/2015 7:55,C,16.75
9/5/2015 9:55,C,17.125
9/5/2015 11:55,C,19.5
9/5/2015 13:55,C,22
9/5/2015 15:55,C,22.25
9/5/2015 17:55,C,21.875
9/5/2015 19:55,C,21.125
9/5/2015 21:55,C,20.25
9/5/2015 23:55,C,19.625
9/6/2015 1:55,C,19.375
9/6/2015 3:55,C,19.25
9/6/2015 5:55,C,19.125
9/6/2015 7:55,C,19.125
9/6/2015 9:55,C,19.25
9/6/2015 11:55,C,20.5
9/6/2015 13:55,C,21.375
9/6/2015 15:55,C,22
9/6/2015 17:55,C,22
9/6/2015 19:55,C,21.25
9/6/2015 21:55,C,20.5
9/6/2015 23:55,C,20
9/7/2015 1:55,C,18.5
9/7/2015 3:55,C,18
9/7/2015 5:55,C,17.875
9/7/2015 7:55,C,17.625
9/7/2015 9:55,C,17.75
9/7/2015 11:55,C,18.625
9/7/2015 13:55,C,19.75
9/7/2015 15:55,C,19.625
9/7/2015 17:55,C,19.5
9/7/2015 19:55,C,18.75
9/7/2015 21:55,C,18
9/7/2015 23:55,C,17.5
9/8/2015 1:55,C,17
9/8/2015 3:55,C,16.75
9/8/2015 5:55,C,16.5
9/8/2015 7:55,C,16.5
9/8/2015 9:55,C,16.5
9/8/2015 11:55,C,16.625
9/8/2015 13:55,C,17.5
9/8/2015 15:55,C,18.125
9/8/2015 17:55,C,17.875
9/8/2015 19:55,C,17.25
9/8/2015 21:55,C,16.5
9/8/2015 23:55,C,15.875
9/9/2015 1:55,C,15.375
9/9/2015 3:55,C,15
9/9/2015 5:55,C,14.625
9/9/2015 7:55,C,14.25
9/9/2015 9:55,C,14.25
9/9/2015 11:55,C,15.375
9/9/2015 13:55,C,16.625
9/9/2015 15:55,C,16.625
9/9/2015 17:55,C,15.5
9/9/2015 19:55,C,14.875
9/9/2015 21:55,C,14.75
9/9/2015 23:55,C,14.625
9/10/2015 1:55,C,14.5
9/10/2015 3:55,C,14.375
9/10/2015 5:55,C,14.25
9/10/2015 7:55,C,14
9/10/2015 9:55,C,14.125
9/10/2015 11:55,C,14.75
9/10/2015 13:55,C,15.5
9/10/2015 15:55,C,15.375
9/10/2015 17:55,C,15
9/10/2015 19:55,C,14.5
9/10/2015 21:55,C,13.875
9/10/2015 23:55,C,13.5
9/11/2015 1:55,C,13.375
9/11/2015 3:55,C,13.125
9/11/2015 5:55,C,12.875
9/11/2015 7:55,C,12.75
9/11/2015 9:55,C,12.5
9/11/2015 11:55,C,12.75
9/11/2015 13:55,C,13.375
9/11/2015 15:55,C,13.375
9/11/2015 17:55,C,13.125
9/11/2015 19:55,C,12.875
9/11/2015 21:55,C,12.375
9/11/2015 23:55,C,12
9/12/2015 1:55,C,11.75
9/12/2015 3:55,C,11.5
9/12/2015 5:55,C,11.375
9/12/2015 7:55,C,11.25
9/12/2015 9:55,C,11.375
9/12/2015 11:55,C,12
9/12/2015 13:55,C,12.75
9/12/2015 15:55,C,13.25
9/12/2015 17:55,C,13.125
9/12/2015 19:55,C,12.75
9/12/2015 21:55,C,12.375
9/12/2015 23:55,C,12
9/13/2015 1:55,C,11.75
9/13/2015 3:55,C,11.625
9/13/2015 5:55,C,11.5
9/13/2015 7:55,C,11.375
9/13/2015 9:55,C,11.5
9/13/2015 11:55,C,12.25
9/13/2015 13:55,C,13.25
9/13/2015 15:55,C,14.25
9/13/2015 17:55,C,14.125
9/13/2015 19:55,C,13.75
9/13/2015 21:55,C,13.25
9/13/2015 23:55,C,12.875
9/14/2015 1:55,C,12.625
9/14/2015 3:55,C,12.5
9/14/2015 5:55,C,12.375
9/14/2015 7:55,C,12.25
9/14/2015 9:55,C,12.375
9/14/2015 11:55,C,13.875
9/14/2015 13:55,C,15.75
9/14/2015 15:55,C,16.625
9/14/2015 17:55,C,16.5
9/14/2015 19:55,C,16
9/14/2015 21:55,C,15.625
9/14/2015 23:55,C,15.25
9/15/2015 1:55,C,15
9/15/2015 3:55,C,14.75
9/15/2015 5:55,C,14.625
9/15/2015 7:55,C,14.5
9/15/2015 9:55,C,14.75
9/15/2015 11:55,C,16.25
9/15/2015 13:55,C,17.875
9/15/2015 15:55,C,18.75
9/15/2015 17:55,C,18
9/15/2015 19:55,C,17.25
9/15/2015 21:55,C,16.75
9/15/2015 23:55,C,16.375
9/16/2015 1:55,C,16.125
9/16/2015 3:55,C,15.625
9/16/2015 5:55,C,15.375
9/16/2015 7:55,C,15.25
9/16/2015 9:55,C,15.5
9/16/2015 11:55,C,16.5
9/16/2015 13:55,C,17.875
9/16/2015 15:55,C,19.125
9/16/2015 17:55,C,18.75
9/16/2015 19:55,C,18.125
9/16/2015 21:55,C,17.5
9/16/2015 23:55,C,17.375
9/17/2015 1:55,C,17.25
9/17/2015 3:55,C,17.125
9/17/2015 5:55,C,17
9/17/2015 7:55,C,16.875
9/17/2015 9:55,C,17.125
9/17/2015 11:55,C,17.25
9/17/2015 13:55,C,17.125
9/17/2015 15:55,C,18
9/17/2015 17:55,C,18
9/17/2015 19:55,C,17.625
9/17/2015 21:55,C,17.25
9/17/2015 23:55,C,17.125
9/18/2015 1:55,C,16.75
9/18/2015 3:55,C,16
9/18/2015 5:55,C,15.125
9/18/2015 7:55,C,14.625
9/18/2015 9:55,C,14.625
9/18/2015 11:55,C,15.375
9/18/2015 13:55,C,16.125
9/18/2015 15:55,C,16.125
9/18/2015 17:55,C,15.75
9/18/2015 19:55,C,15
9/18/2015 21:55,C,14.375
9/18/2015 23:55,C,14
9/19/2015 1:55,C,13.75
9/19/2015 3:55,C,13.375
9/19/2015 5:55,C,13
9/19/2015 7:55,C,12.5
9/19/2015 9:55,C,12.5
9/19/2015 11:55,C,13.5
9/19/2015 13:55,C,14.5
9/19/2015 15:55,C,15.125
9/19/2015 17:55,C,14.25
9/19/2015 19:55,C,13.5
9/19/2015 21:55,C,13
9/19/2015 23:55,C,12.625
9/20/2015 1:55,C,12.375
9/20/2015 3:55,C,12.125
9/20/2015 5:55,C,11.875
9/20/2015 7:55,C,11.625
9/20/2015 9:55,C,11.75
9/20/2015 11:55,C,13.125
9/20/2015 13:55,C,14.625
9/20/2015 15:55,C,15.625
9/20/2015 17:55,C,14.625
9/20/2015 19:55,C,14
9/20/2015 21:55,C,13.375
9/20/2015 23:55,C,12.875
9/21/2015 1:55,C,12.5
9/21/2015 3:55,C,12.375
9/21/2015 5:55,C,12.375
9/21/2015 7:55,C,12.125
9/21/2015 9:55,C,12.25
9/21/2015 11:55,C,13.75
9/21/2015 13:55,C,15.25
9/21/2015 15:55,C,15.75
9/21/2015 17:55,C,15.125
9/21/2015 19:55,C,14.625
9/21/2015 21:55,C,14
9/21/2015 23:55,C,13.625
9/22/2015 1:55,C,13.375
9/22/2015 3:55,C,13.25
9/22/2015 5:55,C,13
9/22/2015 7:55,C,13.125
9/22/2015 9:55,C,13.5
9/22/2015 11:55,C,14.375
9/22/2015 13:55,C,15.75
9/22/2015 15:55,C,16.125
9/22/2015 17:55,C,15.5
9/22/2015 19:55,C,14.625
9/22/2015 21:55,C,13.5
9/22/2015 23:55,C,12.75
9/23/2015 1:55,C,12.25
9/23/2015 3:55,C,11.875
9/23/2015 5:55,C,11.75
9/23/2015 7:55,C,11.75
9/23/2015 9:55,C,12.125
9/23/2015 11:55,C,12.875
9/23/2015 13:55,C,13.25
9/23/2015 15:55,C,13.25
9/23/2015 17:55,C,13.25
9/23/2015 19:55,C,13
9/23/2015 21:55,C,12.875
9/23/2015 23:55,C,12.625
9/24/2015 1:55,C,12.5
9/24/2015 3:55,C,12.375
9/24/2015 5:55,C,12.25
9/24/2015 7:55,C,12.125
9/24/2015 9:55,C,12.25
9/24/2015 11:55,C,12.75
9/24/2015 13:55,C,13.375
9/24/2015 15:55,C,13.875
9/24/2015 17:55,C,14.375
9/24/2015 19:55,C,14.25
9/24/2015 21:55,C,14
9/24/2015 23:55,C,13.875
9/25/2015 1:55,C,13.75
9/25/2015 3:55,C,13.75
9/25/2015 5:55,C,13.625
9/25/2015 7:55,C,13.5
9/25/2015 9:55,C,13.625
9/25/2015 11:55,C,14.25
9/25/2015 13:55,C,15
9/25/2015 15:55,C,15.625
9/25/2015 17:55,C,15.25
9/25/2015 19:55,C,14.75
9/25/2015 21:55,C,14.125
9/25/2015 23:55,C,13.75
9/26/2015 1:55,C,13.5
9/26/2015 3:55,C,13.25
9/26/2015 5:55,C,13
9/26/2015 7:55,C,12.875
9/26/2015 9:55,C,13
9/26/2015 11:55,C,14
9/26/2015 13:55,C,15.5
9/26/2015 15:55,C,16.375
9/26/2015 17:55,C,16
9/26/2015 19:55,C,15.375
9/26/2015 21:55,C,14.75
9/26/2015 23:55,C,14.25
9/27/2015 1:55,C,13.875
9/27/2015 3:55,C,13.625
9/27/2015 5:55,C,13.375
9/27/2015 7:55,C,13.125
9/27/2015 9:55,C,13.25
9/27/2015 11:55,C,14.375
9/27/2015 13:55,C,16
9/27/2015 15:55,C,17
9/27/2015 17:55,C,16.625
9/27/2015 19:55,C,16
9/27/2015 21:55,C,15.375
9/27/2015 23:55,C,14.875
9/28/2015 1:55,C,14.75
9/28/2015 3:55,C,14.625
9/28/2015 5:55,C,14.75
9/28/2015 7:55,C,14.75
9/28/2015 9:55,C,14.75
9/28/2015 11:55,C,14.75
9/28/2015 13:55,C,14.75
9/28/2015 15:55,C,15.125
9/28/2015 17:55,C,15
9/28/2015 19:55,C,14.375
9/28/2015 21:55,C,13.625
9/28/2015 23:55,C,13
9/29/2015 1:55,C,12.375
9/29/2015 3:55,C,11.625
9/29/2015 5:55,C,10.875
9/29/2015 7:55,C,10.125
9/29/2015 9:55,C,9.75
9/29/2015 11:55,C,10.375
9/29/2015 13:55,C,11.25
9/29/2015 15:55,C,11.625
9/29/2015 17:55,C,11
9/29/2015 19:55,C,10
9/29/2015 21:55,C,9.125
9/29/2015 23:55,C,8.625
9/30/2015 1:55,C,8.25
9/30/2015 3:55,C,7.875
9/30/2015 5:55,C,7.625
9/30/2015 7:55,C,7.5
9/30/2015 9:55,C,7.625
9/30/2015 11:55,C,9.125
9/30/2015 13:55,C,10.75
9/30/2015 15:55,C,11.625
9/30/2015 17:55,C,11.125
9/30/2015 19:55,C,10.25
9/30/2015 21:55,C,9.625
9/30/2015 23:55,C,9.125
10/1/2015 1:55,C,8.625
10/1/2015 3:55,C,8.125
10/1/2015 5:55,C,7.75
10/1/2015 7:55,C,7.625
10/1/2015 9:55,C,7.625
10/1/2015 11:55,C,8.875
10/1/2015 13:55,C,10.375
10/1/2015 15:55,C,11.25
10/1/2015 17:55,C,10.5
10/1/2015 19:55,C,9.375
10/1/2015 21:55,C,8.5
10/1/2015 23:55,C,7.75
10/2/2015 1:55,C,7.25
10/2/2015 3:55,C,7
10/2/2015 5:55,C,7
10/2/2015 7:55,C,6.75
10/2/2015 9:55,C,6.75
10/2/2015 11:55,C,7.75
10/2/2015 13:55,C,9.375
10/2/2015 15:55,C,10.375
10/2/2015 17:55,C,10.125
10/2/2015 19:55,C,9.375
10/2/2015 21:55,C,8.375
10/2/2015 23:55,C,7.625
10/3/2015 1:55,C,7.125
10/3/2015 3:55,C,6.875
10/3/2015 5:55,C,6.5
10/3/2015 7:55,C,6.125
10/3/2015 9:55,C,6.5
10/3/2015 11:55,C,7.5
10/3/2015 13:55,C,8.625
10/3/2015 15:55,C,9.625
10/3/2015 17:55,C,9.5
10/3/2015 19:55,C,8.625
10/3/2015 21:55,C,7.875
10/3/2015 23:55,C,7.375
10/4/2015 1:55,C,6.875
10/4/2015 3:55,C,6.375
10/4/2015 5:55,C,6
10/4/2015 7:55,C,5.75
10/4/2015 9:55,C,6.125
10/4/2015 11:55,C,7.375
10/4/2015 13:55,C,9
10/4/2015 15:55,C,9.875
10/4/2015 17:55,C,10
10/4/2015 19:55,C,9.375
10/4/2015 21:55,C,8.625
10/4/2015 23:55,C,8
10/5/2015 1:55,C,7.5
10/5/2015 3:55,C,7.5
10/5/2015 5:55,C,7.5
10/5/2015 7:55,C,7.5
10/5/2015 9:55,C,7.875
10/5/2015 11:55,C,9.125
10/5/2015 13:55,C,10
10/5/2015 15:55,C,10.75
10/5/2015 17:55,C,10.875
10/5/2015 19:55,C,10.25
10/5/2015 21:55,C,9.75
10/5/2015 23:55,C,9.75
10/6/2015 1:55,C,9.625
10/6/2015 3:55,C,9.625
10/6/2015 5:55,C,9.625
10/6/2015 7:55,C,9.625
10/6/2015 9:55,C,9.75
10/6/2015 11:55,C,10.375
10/6/2015 13:55,C,11.875
10/6/2015 15:55,C,13
10/6/2015 17:55,C,12.75
10/6/2015 19:55,C,11.75
10/6/2015 21:55,C,10.625
10/6/2015 23:55,C,9.625
10/7/2015 1:55,C,8.75
10/7/2015 3:55,C,8.25
10/7/2015 5:55,C,8
10/7/2015 7:55,C,7.125
10/7/2015 9:55,C,7.125
10/7/2015 11:55,C,8.375
10/7/2015 13:55,C,9.5
10/7/2015 15:55,C,10.125
10/7/2015 17:55,C,9.875
10/7/2015 19:55,C,8.875
10/7/2015 21:55,C,8.125
10/7/2015 23:55,C,7.75
10/8/2015 1:55,C,7.25
10/8/2015 3:55,C,7.375
10/8/2015 5:55,C,7
10/8/2015 7:55,C,7
10/8/2015 9:55,C,7.375
10/8/2015 11:55,C,7.875
10/8/2015 13:55,C,8.5
10/8/2015 15:55,C,9.125
10/8/2015 17:55,C,9.375
10/8/2015 19:55,C,9.125
10/8/2015 21:55,C,9
10/8/2015 23:55,C,8.875
10/9/2015 1:55,C,8.75
10/9/2015 3:55,C,8.625
10/9/2015 5:55,C,8.5
10/9/2015 7:55,C,8
10/9/2015 9:55,C,7.75
10/9/2015 11:55,C,9
10/9/2015 13:55,C,10.25
10/9/2015 15:55,C,10.75
10/9/2015 17:55,C,10.375
10/9/2015 19:55,C,9.5
10/9/2015 21:55,C,8.875
10/9/2015 23:55,C,8.5
10/10/2015 1:55,C,8
10/10/2015 3:55,C,7.375
10/10/2015 5:55,C,7
10/10/2015 7:55,C,6.875
10/10/2015 9:55,C,7.25
10/10/2015 11:55,C,8.375
10/10/2015 13:55,C,9.875
10/10/2015 15:55,C,11
10/10/2015 17:55,C,11.25
10/10/2015 19:55,C,10.75
10/10/2015 21:55,C,10.375
10/10/2015 23:55,C,10.125
10/11/2015 1:55,C,10
10/11/2015 3:55,C,9.875
10/11/2015 5:55,C,9.75
10/11/2015 7:55,C,9.625
10/11/2015 9:55,C,9.75
10/11/2015 11:55,C,11
10/11/2015 13:55,C,13.125
10/11/2015 15:55,C,14.75
10/11/2015 17:55,C,14.625
10/11/2015 19:55,C,14
10/11/2015 21:55,C,13.375
10/11/2015 23:55,C,13.125
10/12/2015 1:55,C,13.25
10/12/2015 3:55,C,13.125
10/12/2015 5:55,C,12.625
10/12/2015 7:55,C,12
10/12/2015 9:55,C,11.5
10/12/2015 11:55,C,12
10/12/2015 13:55,C,12.375
10/12/2015 15:55,C,12.5
10/12/2015 17:55,C,11.875
10/12/2015 19:55,C,10.875
10/12/2015 21:55,C,10.5
10/12/2015 23:55,C,10.125
10/13/2015 1:55,C,9.75
10/13/2015 3:55,C,9.25
10/13/2015 5:55,C,8.875
10/13/2015 7:55,C,8.625
10/13/2015 9:55,C,8.5
10/13/2015 11:55,C,8.625
10/13/2015 13:55,C,8.625
10/13/2015 15:55,C,8.75
10/13/2015 17:55,C,8.375
10/13/2015 19:55,C,8
10/13/2015 21:55,C,7.5
10/13/2015 23:55,C,7
10/14/2015 1:55,C,6.5
10/14/2015 3:55,C,6.25
10/14/2015 5:55,C,5.75
10/14/2015 7:55,C,5.625
10/14/2015 9:55,C,5.625
10/14/2015 11:55,C,7.25
10/14/2015 13:55,C,9.375
10/14/2015 15:55,C,10.375
10/14/2015 17:55,C,9.625
10/14/2015 19:55,C,9
10/14/2015 21:55,C,8.125
10/14/2015 23:55,C,7.625
10/15/2015 1:55,C,7.125
10/15/2015 3:55,C,6.625
10/15/2015 5:55,C,6.375
10/15/2015 7:55,C,6
10/15/2015 9:55,C,6.25
10/15/2015 11:55,C,7.625
10/15/2015 13:55,C,8.375
10/15/2015 15:55,C,9.25
10/15/2015 17:55,C,8.375
10/15/2015 19:55,C,7.625
10/15/2015 21:55,C,7.625
10/15/2015 23:55,C,7
10/16/2015 1:55,C,6.5
10/16/2015 3:55,C,6
10/16/2015 5:55,C,5.75
10/16/2015 7:55,C,5.5
10/16/2015 9:55,C,5
10/16/2015 11:55,C,5.375
10/16/2015 13:55,C,5.875
10/16/2015 15:55,C,6
10/16/2015 17:55,C,5.375
10/16/2015 19:55,C,4.875
10/16/2015 21:55,C,4.75
10/16/2015 23:55,C,4.25
10/17/2015 1:55,C,4
10/17/2015 3:55,C,4
10/17/2015 5:55,C,3.875
10/17/2015 7:55,C,3.5
10/17/2015 9:55,C,3.375
10/17/2015 11:55,C,4.25
10/17/2015 13:55,C,5.625
10/17/2015 15:55,C,6.25
10/17/2015 17:55,C,5.625
10/17/2015 19:55,C,4.75
10/17/2015 21:55,C,4.625
10/17/2015 23:55,C,4
10/18/2015 1:55,C,3.625
10/18/2015 3:55,C,3.375
10/18/2015 5:55,C,3.25
10/18/2015 7:55,C,3
10/18/2015 9:55,C,3
10/18/2015 11:55,C,4.375
10/18/2015 13:55,C,5.875
10/18/2015 15:55,C,7
10/18/2015 17:55,C,6.875
10/18/2015 19:55,C,6.25
10/18/2015 21:55,C,5.75
10/18/2015 23:55,C,5.5
10/19/2015 1:55,C,5.5
10/19/2015 3:55,C,5.5
10/19/2015 5:55,C,5.75
10/19/2015 7:55,C,5.875
10/19/2015 9:55,C,6.25
10/19/2015 11:55,C,7.25
10/19/2015 13:55,C,8.125
10/19/2015 15:55,C,9.125
10/19/2015 17:55,C,9.375
10/19/2015 19:55,C,8.75
10/19/2015 21:55,C,8.125
10/19/2015 23:55,C,7.5
10/20/2015 1:55,C,7
10/20/2015 3:55,C,7
10/20/2015 5:55,C,6.75
10/20/2015 7:55,C,6.375
10/20/2015 9:55,C,6.375
10/20/2015 11:55,C,7.375
10/20/2015 13:55,C,8.375
10/20/2015 15:55,C,9
10/20/2015 17:55,C,8.75
10/20/2015 19:55,C,8
10/20/2015 21:55,C,7.25
10/20/2015 23:55,C,6.75
10/21/2015 1:55,C,6.375
10/21/2015 3:55,C,6.25
10/21/2015 5:55,C,6.25
10/21/2015 7:55,C,6.25
10/21/2015 9:55,C,6.625
10/21/2015 11:55,C,8
10/21/2015 13:55,C,9.625
10/21/2015 15:55,C,10.25
10/21/2015 17:55,C,9.875
10/21/2015 19:55,C,9.125
10/21/2015 21:55,C,8.625
10/21/2015 23:55,C,8
10/22/2015 1:55,C,6.875
10/22/2015 3:55,C,6.125
10/22/2015 5:55,C,5.5
10/22/2015 7:55,C,5.125
10/22/2015 9:55,C,5
10/22/2015 11:55,C,6.375
10/22/2015 13:55,C,7.875
10/22/2015 15:55,C,8.625
10/22/2015 17:55,C,8.125
10/22/2015 19:55,C,7.125
10/22/2015 21:55,C,6.25
10/22/2015 23:55,C,5.625
10/23/2015 1:55,C,5.125
10/23/2015 3:55,C,5
10/23/2015 5:55,C,5.25
10/23/2015 7:55,C,5.375
10/23/2015 9:55,C,5.625
10/23/2015 11:55,C,6.125
10/23/2015 13:55,C,6.625
10/23/2015 15:55,C,6.25
10/23/2015 17:55,C,6.5
10/23/2015 19:55,C,6.5
10/23/2015 21:55,C,6.625
10/23/2015 23:55,C,6.875
10/24/2015 1:55,C,7.125
10/24/2015 3:55,C,7.375
10/24/2015 5:55,C,7.625
10/24/2015 7:55,C,7.875
10/24/2015 9:55,C,7.875
10/24/2015 11:55,C,7.75
10/24/2015 13:55,C,8
10/24/2015 15:55,C,8.25
10/24/2015 17:55,C,8
10/24/2015 19:55,C,7
10/24/2015 21:55,C,6.25
10/24/2015 23:55,C,5.75
10/25/2015 1:55,C,5.5
10/25/2015 3:55,C,5.125
10/25/2015 5:55,C,5.25
10/25/2015 7:55,C,5.25
10/25/2015 9:55,C,4.75
10/25/2015 11:55,C,5.5
10/25/2015 13:55,C,6.625
10/25/2015 15:55,C,7.375
10/25/2015 17:55,C,6.875
10/25/2015 19:55,C,5.875
10/25/2015 21:55,C,5.125
10/25/2015 23:55,C,4.75
10/26/2015 1:55,C,4.75
10/26/2015 3:55,C,4.875
10/26/2015 5:55,C,4.875
10/26/2015 7:55,C,4.875
10/26/2015 9:55,C,5.25
10/26/2015 11:55,C,5.875
10/26/2015 13:55,C,6.625
10/26/2015 15:55,C,7.125
10/26/2015 17:55,C,7.125
10/26/2015 19:55,C,6.75
10/26/2015 21:55,C,6.375
10/26/2015 23:55,C,6.125
10/27/2015 1:55,C,6
10/27/2015 3:55,C,6
10/27/2015 5:55,C,6
10/27/2015 7:55,C,6
10/27/2015 9:55,C,6.125
10/27/2015 11:55,C,6.75
10/27/2015 13:55,C,7.875
10/27/2015 15:55,C,8.625
10/27/2015 17:55,C,8.375
10/27/2015 19:55,C,8
10/27/2015 21:55,C,7.75
10/27/2015 23:55,C,7.5
10/28/2015 1:55,C,7.375
10/28/2015 3:55,C,7.125
10/28/2015 5:55,C,6.75
10/28/2015 7:55,C,6.125
10/28/2015 9:55,C,6.125
10/28/2015 11:55,C,6.625
10/28/2015 13:55,C,7.375
10/28/2015 15:55,C,7.75
10/28/2015 17:55,C,7.75
10/28/2015 19:55,C,7.5
10/28/2015 21:55,C,7.5
10/28/2015 23:55,C,7.375
10/29/2015 1:55,C,7.25
10/29/2015 3:55,C,7
10/29/2015 5:55,C,6.875
10/29/2015 7:55,C,6.625
10/29/2015 9:55,C,6.375
10/29/2015 11:55,C,6
10/29/2015 13:55,C,6.375
10/29/2015 15:55,C,6.75
10/29/2015 17:55,C,6.75
10/29/2015 19:55,C,6.75
10/29/2015 21:55,C,6.625
10/29/2015 23:55,C,6.5
10/30/2015 1:55,C,6.375
10/30/2015 3:55,C,6.375
10/30/2015 5:55,C,6.125
10/30/2015 7:55,C,6.125
10/30/2015 9:55,C,6.125
10/30/2015 11:55,C,6.25
10/30/2015 13:55,C,6.375
10/30/2015 15:55,C,6.5
10/30/2015 17:55,C,6.625
10/30/2015 19:55,C,6.5
10/30/2015 21:55,C,6.375
10/30/2015 23:55,C,6.25
10/31/2015 1:55,C,6.25
10/31/2015 3:55,C,6.125
10/31/2015 5:55,C,6.125
10/31/2015 7:55,C,6
10/31/2015 9:55,C,5.875
10/31/2015 11:55,C,6
10/31/2015 13:55,C,6.125
10/31/2015 15:55,C,6.5
10/31/2015 17:55,C,6.875
10/31/2015 19:55,C,7
10/31/2015 21:55,C,7
10/31/2015 23:55,C,7.125
11/1/2015 1:55,C,7.125
11/1/2015 2:55,C,7.25
11/1/2015 4:55,C,7.25
11/1/2015 6:55,C,7.25
11/1/2015 8:55,C,7.25
11/1/2015 10:55,C,7.375
11/1/2015 12:55,C,7.375
11/1/2015 14:55,C,7.5
11/1/2015 16:55,C,7.5
11/1/2015 18:55,C,7.5
11/1/2015 20:55,C,7.5
11/1/2015 22:55,C,7.5
11/2/2015 0:55,C,7.375
11/2/2015 2:55,C,7.375
11/2/2015 4:55,C,7.25
11/2/2015 6:55,C,7.25
11/2/2015 8:55,C,7.25
11/2/2015 10:55,C,7.25
11/2/2015 12:55,C,7.375
11/2/2015 14:55,C,7.375
11/2/2015 16:55,C,7.5
11/2/2015 18:55,C,7.5
11/2/2015 20:55,C,7.375
11/2/2015 22:55,C,7.375
11/3/2015 0:55,C,7.25
11/3/2015 2:55,C,7.25
11/3/2015 4:55,C,7.125
11/3/2015 6:55,C,7.125
11/3/2015 8:55,C,7.125
11/3/2015 10:55,C,7.25
11/3/2015 12:55,C,7.375
11/3/2015 14:55,C,7.625
11/3/2015 16:55,C,7.75
11/3/2015 18:55,C,7.75
11/3/2015 20:55,C,7.75
11/3/2015 22:55,C,7.625
11/4/2015 0:55,C,7.5
11/4/2015 2:55,C,7.5
11/4/2015 4:55,C,7.5
11/4/2015 6:55,C,7.5
11/4/2015 8:55,C,7.375
11/4/2015 10:55,C,7.5
11/4/2015 12:55,C,7.75
11/4/2015 14:55,C,8
11/4/2015 16:55,C,8.125
11/4/2015 18:55,C,8.125
11/4/2015 20:55,C,8.125
11/4/2015 22:55,C,8
11/5/2015 0:55,C,7.875
11/5/2015 2:55,C,8
11/5/2015 4:55,C,8
11/5/2015 6:55,C,8
11/5/2015 8:55,C,8.125
11/5/2015 10:55,C,8.375
11/5/2015 12:55,C,8.875
11/5/2015 14:55,C,9.25
11/5/2015 16:55,C,9.375
11/5/2015 18:55,C,9.5
11/5/2015 20:55,C,9.5
11/5/2015 22:55,C,9.375
11/6/2015 0:55,C,9
11/6/2015 2:55,C,8.625
11/6/2015 4:55,C,8.25
11/6/2015 6:55,C,7.875
11/6/2015 8:55,C,7.625
11/6/2015 10:55,C,7.625
11/6/2015 12:55,C,7.875
11/6/2015 14:55,C,7.875
11/6/2015 16:55,C,7.75
11/6/2015 18:55,C,7.5
11/6/2015 20:55,C,7.125
11/6/2015 22:55,C,6.875
11/7/2015 0:55,C,6.625
11/7/2015 2:55,C,6.25
11/7/2015 4:55,C,6.125
11/7/2015 6:55,C,5.75
11/7/2015 8:55,C,5.25
11/7/2015 10:55,C,5.25
11/7/2015 12:55,C,5.25
11/7/2015 14:55,C,5.5
11/7/2015 16:55,C,5.5
11/7/2015 18:55,C,5.25
11/7/2015 20:55,C,5
11/7/2015 22:55,C,4.75
11/8/2015 0:55,C,4.75
11/8/2015 2:55,C,4.625
11/8/2015 4:55,C,4.625
11/8/2015 6:55,C,4.5
11/8/2015 8:55,C,4.5
11/8/2015 10:55,C,4.625
11/8/2015 12:55,C,5.25
11/8/2015 14:55,C,5.75
11/8/2015 16:55,C,5.875
11/8/2015 18:55,C,5.875
11/8/2015 20:55,C,5.75
11/8/2015 22:55,C,5.625
11/9/2015 0:55,C,5.5
11/9/2015 2:55,C,5.375
11/9/2015 4:55,C,5.375
11/9/2015 6:55,C,5.25
11/9/2015 8:55,C,5.125
11/9/2015 10:55,C,5.25
11/9/2015 12:55,C,5.75
11/9/2015 14:55,C,6.25
11/9/2015 16:55,C,6.375
11/9/2015 18:55,C,6.25
11/9/2015 20:55,C,6.125
11/9/2015 22:55,C,6
11/10/2015 0:55,C,5.875
11/10/2015 2:55,C,5.625
11/10/2015 4:55,C,5.5
11/10/2015 6:55,C,5.375
11/10/2015 8:55,C,5.25
11/10/2015 10:55,C,5.5
11/10/2015 12:55,C,5.875
11/10/2015 14:55,C,6.375
11/10/2015 16:55,C,6.375
11/10/2015 18:55,C,6.25
11/10/2015 20:55,C,6
11/10/2015 22:55,C,5.875
11/11/2015 0:55,C,5.625
11/11/2015 2:55,C,5.625
11/11/2015 4:55,C,5.5
11/11/2015 6:55,C,5.375
11/11/2015 8:55,C,5.25
11/11/2015 10:55,C,5.5
11/11/2015 12:55,C,5.875
11/11/2015 14:55,C,6.25
11/11/2015 16:55,C,6.5
11/11/2015 18:55,C,6.5
11/11/2015 20:55,C,6.375
11/11/2015 22:55,C,6.25
11/12/2015 0:55,C,6.125
11/12/2015 2:55,C,6.25
11/12/2015 4:55,C,6.25
11/12/2015 6:55,C,6.125
11/12/2015 8:55,C,6.125
11/12/2015 10:55,C,6.125
11/12/2015 12:55,C,6
11/12/2015 14:55,C,6
11/12/2015 16:55,C,6
11/12/2015 18:55,C,5.875
11/12/2015 20:55,C,5.75
11/12/2015 22:55,C,5.5
11/13/2015 0:55,C,5.125
11/13/2015 2:55,C,4.875
11/13/2015 4:55,C,4.625
11/13/2015 6:55,C,4.375
11/13/2015 8:55,C,4.375
11/13/2015 10:55,C,4.125
11/13/2015 12:55,C,4.125
11/13/2015 14:55,C,4
11/13/2015 16:55,C,4
11/13/2015 18:55,C,4
11/13/2015 20:55,C,4
11/13/2015 22:55,C,3.875
11/14/2015 0:55,C,3.875
11/14/2015 2:55,C,3.75
11/14/2015 4:55,C,3.625
11/14/2015 6:55,C,3.625
11/14/2015 8:55,C,3.625
11/14/2015 10:55,C,3.625
11/14/2015 12:55,C,3.5
11/14/2015 14:55,C,3.625
11/14/2015 16:55,C,3.625
11/14/2015 18:55,C,3.625
11/14/2015 20:55,C,3.625
11/14/2015 22:55,C,3.5
11/15/2015 0:55,C,3.5
11/15/2015 2:55,C,3.5
11/15/2015 4:55,C,3.5
11/15/2015 6:55,C,3.375
11/15/2015 8:55,C,3.375
11/15/2015 10:55,C,3.375
11/15/2015 12:55,C,3.5
11/15/2015 14:55,C,3.75
11/15/2015 16:55,C,3.875
11/15/2015 18:55,C,3.875
11/15/2015 20:55,C,3.875
11/15/2015 22:55,C,3.75
11/16/2015 0:55,C,3.75
11/16/2015 2:55,C,3.625
11/16/2015 4:55,C,3.625
11/16/2015 6:55,C,3.625
11/16/2015 8:55,C,3.625
11/16/2015 10:55,C,3.625
11/16/2015 12:55,C,3.75
11/16/2015 14:55,C,4.125
11/16/2015 16:55,C,4.25
11/16/2015 18:55,C,4.5
11/16/2015 20:55,C,4.5
11/16/2015 22:55,C,4.5
11/17/2015 0:55,C,4.5
11/17/2015 2:55,C,4.5
11/17/2015 4:55,C,4.5
11/17/2015 6:55,C,4.625
11/17/2015 8:55,C,4.625
11/17/2015 10:55,C,4.75
11/17/2015 12:55,C,4.875
11/17/2015 14:55,C,5
11/17/2015 16:55,C,5.25
11/17/2015 18:55,C,5.375
11/17/2015 20:55,C,5.5
11/17/2015 22:55,C,5.5
11/18/2015 0:55,C,5.625
11/18/2015 2:55,C,5.75
11/18/2015 4:55,C,5.75
11/18/2015 6:55,C,5.875
11/18/2015 8:55,C,6
11/18/2015 10:55,C,6.125
11/18/2015 12:55,C,6.25
11/18/2015 14:55,C,6.5
11/18/2015 16:55,C,6.625
11/18/2015 18:55,C,6.625
11/18/2015 20:55,C,6.5
